,City,Country,Date,Lat,Lng,Max Temp,Humidity,Cloudiness,Wind Speed
0,Dikson,RU,2022-02-18 07:28:26,73.5069,80.5464,-8.5,85,100,11.52
1,Vaini,TO,2022-02-18 07:28:27,-21.2,-175.2,80.76,89,20,3.44
2,Hasaki,JP,2022-02-18 07:28:27,35.7333,140.8333,50.29,42,35,11.74
3,Parauna,BR,2022-02-18 07:28:28,-16.9478,-50.4486,66.69,96,2,3.91
4,Kachiry,KZ,2022-02-18 07:28:28,53.0675,76.1036,18.9,89,100,13.24
5,Saldanha,ZA,2022-02-18 07:28:29,-33.0117,17.9442,73.45,65,0,4.38
6,Kagoro,NG,2022-02-18 07:28:29,9.6,8.3833,73.53,14,19,6.04
7,Handlova,SK,2022-02-18 07:28:30,48.7276,18.7601,42.57,85,95,3.96
8,Adrar,MR,2022-02-18 07:20:53,20.5022,-10.0711,58.37,12,100,7.78
9,Aklavik,CA,2022-02-18 07:28:30,68.2191,-135.0107,-8.57,89,12,3.04
10,Cocorit,MX,2022-02-18 07:28:31,27.5833,-109.9667,54.05,43,0,3.76
11,Benghazi,LY,2022-02-18 07:28:31,32.1167,20.0667,57.88,66,78,15.37
12,Roma,US,2022-02-18 07:28:32,43.2128,-75.4557,58.66,100,100,9.22
13,Port Elizabeth,ZA,2022-02-18 07:28:32,-33.918,25.5701,73.09,68,20,11.5
14,Kaa-Khem,RU,2022-02-18 07:28:33,51.6833,94.7333,-0.08,93,98,1.81
15,Rikitea,PF,2022-02-18 07:28:33,-23.1203,-134.9692,78.3,72,0,7.18
16,Derzhavinsk,KZ,2022-02-18 07:28:34,51.1,66.3167,14.22,79,17,10.89
17,Bluff,NZ,2022-02-18 07:28:34,-46.6,168.3333,70.81,52,90,18.63
18,Oranjemund,NA,2022-02-18 07:28:35,-28.55,16.4333,67.1,74,0,7.45
19,Hilo,US,2022-02-18 07:24:02,19.7297,-155.09,71.33,93,100,6.91
20,Albany,US,2022-02-18 07:28:01,42.6001,-73.9662,59.81,88,100,3.0
21,Ushuaia,AR,2022-02-18 07:28:36,-54.8,-68.3,47.86,76,40,6.91
22,Flinders,AU,2022-02-18 07:28:36,-34.5833,150.8552,79.21,84,59,15.32
23,New Norfolk,AU,2022-02-18 07:28:36,-42.7826,147.0587,62.74,42,39,1.99
24,Mataura,NZ,2022-02-18 07:28:37,-46.1927,168.8643,70.48,50,100,7.16
25,Kapaa,US,2022-02-18 07:28:37,22.0752,-159.319,73.38,85,20,8.05
26,Pingliang,CN,2022-02-18 07:28:38,35.5392,106.6861,24.17,89,100,15.26
27,Punta Arenas,CL,2022-02-18 07:27:47,-53.15,-70.9167,53.11,82,100,6.91
28,Fairbanks,US,2022-02-18 07:25:02,64.8378,-147.7164,11.61,84,100,6.91
29,Mizan Teferi,ET,2022-02-18 07:28:39,6.9833,35.5833,80.98,27,69,1.41
30,Saint-Philippe,RE,2022-02-18 07:28:39,-21.3585,55.7679,85.55,75,53,13.73
31,Arroyo,ES,2022-02-18 07:28:40,41.6096,-4.7969,45.19,72,100,4.61
32,Tecpan,GT,2022-02-18 07:28:40,14.7623,-90.9947,52.92,81,0,3.02
33,Bilibino,RU,2022-02-18 07:28:41,68.0546,166.4372,-16.76,100,14,5.23
34,Zhanaozen,KZ,2022-02-18 07:22:06,43.3,52.8,39.78,31,83,18.77
35,Victoria,HK,2022-02-18 07:27:54,22.2855,114.1577,69.19,84,100,18.99
36,Tiksi,RU,2022-02-18 07:28:42,71.6872,128.8694,-26.16,98,93,4.68
37,Hobart,AU,2022-02-18 07:28:42,-42.8794,147.3294,63.1,48,75,19.57
38,Novyy Urengoy,RU,2022-02-18 07:23:44,66.0833,76.6333,16.41,96,100,7.0
39,Jamestown,US,2022-02-18 07:25:36,42.097,-79.2353,34.09,73,100,18.41
40,Vagur,FO,2022-02-18 07:28:43,61.4732,-6.8119,37.67,74,100,22.35
41,Nabire,ID,2022-02-18 07:25:05,-3.3667,135.4833,83.05,80,100,3.36
42,Yellowknife,CA,2022-02-18 07:27:53,62.456,-114.3525,-15.45,76,0,17.0
43,San Jose,US,2022-02-18 07:27:10,37.3394,-121.895,54.25,61,0,3.44
44,Eureka,US,2022-02-18 07:29:44,40.8021,-124.1637,48.58,91,80,2.77
45,Barrow,US,2022-02-18 07:29:45,71.2906,-156.7887,-16.58,69,20,6.91
46,Turbat,PK,2022-02-18 07:29:45,26.0023,63.044,78.69,18,0,8.66
47,Hermanus,ZA,2022-02-18 07:29:46,-34.4187,19.2345,75.9,68,1,16.26
48,Mareeba,AU,2022-02-18 07:29:46,-17.0,145.4333,82.49,78,94,5.06
49,Jardim,BR,2022-02-18 07:29:46,-21.4803,-56.1381,76.89,39,100,3.24
50,Kaitangata,NZ,2022-02-18 07:29:47,-46.2817,169.8464,65.93,71,100,3.09
51,Port Alfred,ZA,2022-02-18 07:29:47,-33.5906,26.891,73.02,63,54,14.58
52,Chuy,UY,2022-02-18 07:29:48,-33.6971,-53.4616,69.1,77,93,8.72
53,Cascais,PT,2022-02-18 07:29:48,38.6979,-9.4215,56.46,79,75,20.0
54,Hithadhoo,MV,2022-02-18 07:29:49,-0.6,73.0833,82.6,67,100,13.8
55,Praia,CV,2022-02-18 07:23:27,14.9215,-23.5087,70.34,60,100,10.36
56,Marienburg,PL,2022-02-18 07:29:50,54.0359,19.0266,40.12,81,97,17.49
57,Petropavlovsk-Kamchatskiy,RU,2022-02-18 07:29:50,53.0452,158.6483,27.19,86,75,4.47
58,Shenkursk,RU,2022-02-18 07:29:51,62.1091,42.896,34.23,98,100,15.48
59,El Paso,US,2022-02-18 07:29:51,31.8001,-106.2005,38.01,47,0,4.61
60,Mahebourg,MU,2022-02-18 07:29:52,-20.4081,57.7,84.25,83,75,13.8
61,At-Bashi,KG,2022-02-18 07:29:52,41.1702,75.8106,19.33,62,19,1.7
62,Were Ilu,ET,2022-02-18 07:29:52,10.6,39.4333,65.73,41,3,2.17
63,Ribeira Grande,PT,2022-02-18 07:29:53,38.5167,-28.7,50.4,57,75,3.44
64,Berlevag,NO,2022-02-18 07:29:54,70.8578,29.0864,30.15,74,75,29.93
65,Tura,IN,2022-02-18 07:29:54,25.5198,90.2201,76.39,29,0,6.49
66,Saskylakh,RU,2022-02-18 07:29:54,71.9167,114.0833,-21.37,90,71,8.34
67,Seoul,KR,2022-02-18 07:25:51,37.5683,126.9778,42.31,19,0,5.75
68,Hirara,JP,2022-02-18 07:29:55,24.8,125.2833,67.86,100,75,19.57
69,Atambua,ID,2022-02-18 07:29:55,-9.1061,124.8925,81.43,74,100,0.92
70,Ust-Kulom,RU,2022-02-18 07:29:56,61.6864,53.6902,29.57,90,100,11.61
71,Bushehr,IR,2022-02-18 07:29:56,28.9684,50.8385,68.02,34,0,6.91
72,Busselton,AU,2022-02-18 07:29:57,-33.65,115.3333,103.05,32,2,12.35
73,Svobodnyy,RU,2022-02-18 07:29:57,51.4,128.1333,9.82,86,100,3.69
74,Russell,US,2022-02-18 07:29:58,32.3502,-85.1999,64.11,94,40,8.05
75,Iralaya,HN,2022-02-18 07:29:58,15.0,-83.2333,77.2,81,0,11.14
76,Butaritari,KI,2022-02-18 07:29:59,3.0707,172.7902,81.66,76,100,22.39
77,Hofn,IS,2022-02-18 07:29:59,64.2539,-15.2082,27.97,69,99,16.69
78,Acapulco,MX,2022-02-18 07:25:05,16.8634,-99.8901,76.82,83,75,0.0
79,Brun,AM,2022-02-18 07:30:00,39.5349,46.3073,33.62,62,100,6.69
80,Asau,RO,2022-02-18 07:30:00,46.4333,26.4,39.96,93,100,5.55
81,Caucaia,BR,2022-02-18 07:30:01,-3.7361,-38.6531,82.04,74,20,5.75
82,Aksarka,RU,2022-02-18 07:30:02,66.5606,67.7975,15.15,95,100,6.49
83,Atuona,PF,2022-02-18 07:30:03,-9.8,-139.0333,78.55,75,0,20.6
84,Uvinza,TZ,2022-02-18 07:30:04,-5.1036,30.3911,78.53,67,92,2.28
85,Arlit,NE,2022-02-18 07:30:05,18.7369,7.3853,72.7,16,69,10.38
86,Nemuro,JP,2022-02-18 07:30:06,43.3236,145.575,25.23,63,52,19.08
87,Ambulu,ID,2022-02-18 07:30:07,-8.345,113.6058,82.4,79,100,2.26
88,Bethel,US,2022-02-18 07:31:08,41.3712,-73.414,59.85,89,100,16.11
89,Fort Wellington,GY,2022-02-18 07:31:08,6.4,-57.6,74.3,86,28,8.19
90,La Ronge,CA,2022-02-18 07:23:37,55.1001,-105.2842,-1.95,78,100,2.3
91,Karasjok,NO,2022-02-18 07:31:09,69.4719,25.5112,23.11,82,100,25.39
92,Jumla,NP,2022-02-18 07:31:09,29.2747,82.1838,51.73,31,0,6.67
93,Praia Da Vitoria,PT,2022-02-18 07:31:10,38.7333,-27.0667,50.25,71,75,20.29
94,Vila Velha,BR,2022-02-18 07:31:10,-20.3297,-40.2925,76.95,91,40,6.91
95,Preobrazheniye,RU,2022-02-18 07:31:11,42.9019,133.9064,24.98,67,100,8.23
96,Salina,US,2022-02-18 07:28:38,38.8403,-97.6114,21.25,48,0,10.36
97,Yulara,AU,2022-02-18 07:31:11,-25.2406,130.9889,89.44,15,0,11.5
98,Esna,EG,2022-02-18 07:31:12,25.2934,32.554,60.82,30,9,10.45
99,Byron Bay,AU,2022-02-18 07:31:12,-28.65,153.6167,75.09,83,67,9.24
100,Copiapo,CL,2022-02-18 07:31:13,-27.3667,-70.3333,63.21,90,18,3.33
101,Zhigansk,RU,2022-02-18 07:31:13,66.7697,123.3711,-26.01,100,96,1.92
102,Olinda,BR,2022-02-18 07:31:14,-8.0089,-34.8553,74.93,94,40,0.0
103,Bathsheba,BB,2022-02-18 07:31:14,13.2167,-59.5167,77.61,78,75,16.11
104,Ilam,NP,2022-02-18 07:31:14,26.9167,87.9167,61.32,57,65,5.32
105,Airai,TL,2022-02-18 07:31:15,-8.9266,125.4092,67.32,87,100,1.92
106,Klaksvik,FO,2022-02-18 07:31:16,62.2266,-6.589,31.12,65,100,20.8
107,Port Augusta,AU,2022-02-18 07:31:16,-32.5,137.7667,81.72,52,0,20.38
108,Maningrida,AU,2022-02-18 07:31:16,-12.0667,134.2667,85.84,64,100,7.56
109,Karaton,ID,2022-02-18 07:31:17,-6.3424,106.1045,84.96,88,100,3.8
110,Chokurdakh,RU,2022-02-18 07:31:17,70.6333,147.9167,-31.54,100,17,2.42
111,Pevek,RU,2022-02-18 07:31:18,69.7008,170.3133,-29.51,99,100,3.98
112,Georgetown,MY,2022-02-18 07:31:01,5.4112,100.3354,91.33,62,20,11.5
113,Khatanga,RU,2022-02-18 07:31:18,71.9667,102.5,-29.31,98,8,2.98
114,Tiznit,MA,2022-02-18 07:31:19,29.5833,-9.5,58.6,26,100,4.41
115,Salinopolis,BR,2022-02-18 07:31:19,-0.6136,-47.3561,77.05,86,84,6.11
116,Panalingaan,PH,2022-02-18 07:31:20,8.7842,117.4231,84.16,61,99,3.91
117,Qaqortoq,GL,2022-02-18 07:31:20,60.7167,-46.0333,12.7,64,100,8.46
118,Ponta Do Sol,PT,2022-02-18 07:31:21,32.6667,-17.1,61.43,55,70,5.14
119,Pangnirtung,CA,2022-02-18 07:31:21,66.1451,-65.7125,-19.07,97,100,2.51
120,Saint-Pierre,RE,2022-02-18 07:31:21,-21.3393,55.4781,85.64,70,0,27.63
121,Sao Filipe,CV,2022-02-18 07:31:22,14.8961,-24.4956,72.82,69,100,14.16
122,Hvide Sande,DK,2022-02-18 07:31:22,56.0045,8.1294,41.29,93,75,10.36
123,Ganzhou,CN,2022-02-18 07:31:23,28.8184,115.4327,38.3,95,100,4.92
124,Alihe,CN,2022-02-18 07:31:23,50.5667,123.7167,10.92,74,100,1.54
125,Cherskiy,RU,2022-02-18 07:31:24,68.75,161.3,-37.3,100,23,1.39
126,Fortuna,US,2022-02-18 07:31:24,40.5982,-124.1573,48.33,95,100,0.0
127,Haapiti,PF,2022-02-18 07:31:25,-17.5667,-149.8667,78.53,73,94,12.21
128,Husavik,IS,2022-02-18 07:31:25,66.0449,-17.3389,26.51,86,98,6.11
129,Mount Gambier,AU,2022-02-18 07:31:25,-37.8333,140.7667,64.31,52,40,17.27
130,Grado,ES,2022-02-18 07:28:39,43.388,-6.0743,53.02,94,0,9.22
131,Kununurra,AU,2022-02-18 07:22:20,-15.7667,128.7333,82.38,74,40,11.5
132,Bredasdorp,ZA,2022-02-18 07:31:26,-34.5322,20.0403,71.28,64,35,17.27
133,Makakilo City,US,2022-02-18 07:23:40,21.3469,-158.0858,74.01,73,0,6.91
134,Vila Franca Do Campo,PT,2022-02-18 07:31:27,37.7167,-25.4333,52.2,62,64,20.07
135,Erdenet,MN,2022-02-18 07:32:28,49.0333,104.0833,8.29,70,32,3.98
136,Tuktoyaktuk,CA,2022-02-18 07:32:28,69.4541,-133.0374,-10.25,98,99,10.29
137,Coihaique,CL,2022-02-18 07:31:19,-45.5752,-72.0662,57.15,67,0,5.75
138,Upernavik,GL,2022-02-18 07:32:29,72.7868,-56.1549,-25.47,98,100,5.97
139,Teya,RU,2022-02-18 07:32:29,60.3778,92.6267,13.68,86,100,6.96
140,Bambanglipuro,ID,2022-02-18 07:32:30,-7.95,110.2833,65.61,76,91,4.7
141,Pilar,BR,2022-02-18 07:32:30,-9.5972,-35.9567,71.53,90,74,3.71
142,Clyde River,CA,2022-02-18 07:32:31,70.4692,-68.5914,-30.77,75,20,5.75
143,Meadow Lake,US,2022-02-18 07:31:01,34.8014,-106.5436,34.12,57,0,3.98
144,Cangzhou,CN,2022-02-18 07:32:32,38.3167,116.8667,36.12,36,100,4.99
145,Fort Nelson,CA,2022-02-18 07:32:32,58.8053,-122.7002,-4.41,77,100,2.3
146,Leningradskiy,RU,2022-02-18 07:32:32,69.3833,178.4167,-18.33,98,98,9.86
147,Neufahrn,DE,2022-02-18 07:32:33,48.25,12.4333,46.99,89,84,5.95
148,Calama,CL,2022-02-18 07:31:13,-22.4667,-68.9333,48.69,53,0,10.36
149,Kaohsiung,TW,2022-02-18 07:32:34,22.6163,120.3133,75.15,71,75,8.05
150,Mokhsogollokh,RU,2022-02-18 07:32:34,61.4681,128.9203,-11.45,96,98,1.45
151,Lucea,JM,2022-02-18 07:32:34,18.451,-78.1736,73.26,77,6,6.6
152,Sechura,PE,2022-02-18 07:32:35,-5.5569,-80.8222,70.83,80,100,5.88
153,Broken Hill,AU,2022-02-18 07:31:24,-31.95,141.4333,78.51,27,0,17.27
154,Thompson,CA,2022-02-18 07:32:36,55.7435,-97.8558,-27.24,75,40,0.0
155,Saint-Francois,FR,2022-02-18 07:32:36,46.4154,3.9054,49.68,87,100,6.91
156,Qaanaaq,GL,2022-02-18 07:32:37,77.484,-69.3632,-6.99,54,54,2.3
157,Henties Bay,NA,2022-02-18 07:32:37,-22.116,14.2845,70.86,85,79,7.43
158,Boueni,YT,2022-02-18 07:32:37,-12.9025,45.0761,89.58,72,40,2.77
159,Severo-Kurilsk,RU,2022-02-18 07:32:38,50.6789,156.125,29.39,83,100,25.88
160,Puerto Ayora,EC,2022-02-18 07:32:38,-0.7393,-90.3518,76.55,92,100,5.01
161,Izhma,RU,2022-02-18 07:32:39,65.0083,53.9113,29.35,90,100,12.93
162,Torbay,CA,2022-02-18 07:30:09,47.6666,-52.7314,47.57,88,100,35.68
163,Lompoc,US,2022-02-18 07:32:39,34.6391,-120.4579,55.13,79,0,13.0
164,Monrovia,LR,2022-02-18 07:31:01,6.3005,-10.7969,78.98,83,70,3.74
165,Ambilobe,MG,2022-02-18 07:32:40,-13.2,49.05,88.86,63,73,1.74
166,Luangwa,ZM,2022-02-18 07:32:40,-15.6167,30.4167,77.18,84,94,1.81
167,Djougou,BJ,2022-02-18 07:32:41,9.7085,1.666,81.27,45,8,2.17
168,Paamiut,GL,2022-02-18 07:32:41,61.994,-49.6678,2.86,84,100,9.6
169,Avarua,CK,2022-02-18 07:32:42,-21.2078,-159.775,75.25,94,100,5.75
170,Panzhihua,CN,2022-02-18 07:32:42,26.5851,101.7128,75.34,16,0,2.66
171,Olafsvik,IS,2022-02-18 07:32:42,64.8945,-23.7142,28.92,67,63,10.49
172,Moroni,KM,2022-02-18 07:32:43,-11.7022,43.2551,87.8,74,40,6.91
173,Viransehir,TR,2022-02-18 07:32:43,37.2353,39.7631,43.99,89,100,4.41
174,Castro,BR,2022-02-18 07:29:02,-24.7911,-50.0119,55.33,94,1,2.53
175,Srednekolymsk,RU,2022-02-18 07:32:44,67.45,153.6833,-33.57,100,68,2.3
176,Harper,LR,2022-02-18 07:32:44,4.375,-7.7169,79.79,84,100,6.67
177,Kurumkan,RU,2022-02-18 07:32:45,54.3,110.3,-1.32,91,85,1.12
178,Verkhnyaya Inta,RU,2022-02-18 07:32:45,65.9811,60.3094,23.72,83,100,8.86
179,East London,ZA,2022-02-18 07:32:46,-33.0153,27.9116,72.54,78,40,9.22
180,Azua,DO,2022-02-18 07:32:46,18.4532,-70.7349,68.94,70,3,5.17
181,Lishan,CN,2022-02-18 07:32:47,31.8576,113.2951,40.39,59,98,11.88
182,Nikolskoye,RU,2022-02-18 07:33:47,59.7035,30.7861,31.91,92,100,13.78
183,Mar Del Plata,AR,2022-02-18 07:33:48,-38.0023,-57.5575,64.09,82,40,18.01
184,Waipawa,NZ,2022-02-18 07:33:48,-41.4122,175.5153,63.45,76,3,8.86
185,Takoradi,GH,2022-02-18 07:33:49,4.8845,-1.7554,80.96,83,100,8.5
186,Dunedin,NZ,2022-02-18 07:33:49,-45.8742,170.5036,69.8,47,95,4.0
187,Biak,ID,2022-02-18 07:33:50,-0.9131,122.8766,80.42,76,100,0.63
188,Zaozerne,UA,2022-02-18 07:33:50,45.1582,33.2787,46.94,84,100,13.65
189,Ishigaki,JP,2022-02-18 07:33:51,24.3448,124.1572,68.13,100,75,20.71
190,Kampene,CD,2022-02-18 07:33:51,-3.6,26.6667,78.39,71,97,3.02
191,Salalah,OM,2022-02-18 07:33:52,17.0151,54.0924,80.69,47,0,5.75
192,Cockburn Town,TC,2022-02-18 07:33:52,21.4612,-71.1419,77.09,76,0,18.57
193,Iranduba,BR,2022-02-18 07:33:53,-3.2847,-60.1861,77.29,98,100,1.01
194,Bubaque,GW,2022-02-18 07:33:53,11.2833,-15.8333,77.07,71,6,6.62
195,Naryan-Mar,RU,2022-02-18 07:33:53,67.6713,53.087,24.76,96,100,15.93
196,Ostrovnoy,RU,2022-02-18 07:33:54,68.0531,39.5131,28.72,96,100,15.37
197,Hun,LY,2022-02-18 07:33:55,29.1268,15.9477,52.12,70,0,10.13
198,Acarau,BR,2022-02-18 07:31:09,-2.8856,-40.12,78.31,80,100,5.66
199,Madridejos,ES,2022-02-18 07:33:56,39.4682,-3.532,48.97,61,6,5.32
200,Hamilton,US,2022-02-18 07:33:50,39.1834,-84.5333,31.05,85,100,17.27
201,Kruisfontein,ZA,2022-02-18 07:33:57,-34.0033,24.7314,70.88,49,0,13.33
202,Port-Gentil,GA,2022-02-18 07:33:57,-0.7193,8.7815,82.36,83,40,6.91
203,Cidreira,BR,2022-02-18 07:33:58,-30.1811,-50.2056,72.03,81,100,9.71
204,Luderitz,NA,2022-02-18 07:33:58,-26.6481,15.1594,79.38,57,4,10.38
205,Kawalu,ID,2022-02-18 07:33:59,-7.3817,108.2082,78.17,85,100,1.68
206,Narrabri,AU,2022-02-18 07:33:59,-30.3167,149.7833,96.89,17,69,13.8
207,Puerto Cabezas,NI,2022-02-18 07:34:00,14.0351,-83.3888,74.07,89,8,8.79
208,Mayo,US,2022-02-18 07:34:00,38.8876,-76.5119,66.65,92,100,20.71
209,Nanortalik,GL,2022-02-18 07:34:01,60.1432,-45.2371,18.36,57,100,7.72
210,Provideniya,RU,2022-02-18 07:34:02,64.3833,-173.3,3.56,81,100,16.69
211,Celestun,MX,2022-02-18 07:34:02,20.8667,-90.4,74.44,85,0,10.94
212,Cape Town,ZA,2022-02-18 07:31:16,-33.9258,18.4232,80.11,47,0,17.27
213,Cabedelo,BR,2022-02-18 07:34:03,-6.9811,-34.8339,75.87,74,9,5.95
214,Cayenne,GF,2022-02-18 07:30:07,4.9333,-52.3333,79.09,83,75,3.0
215,Atbasar,KZ,2022-02-18 07:34:04,51.8,68.3333,15.3,81,37,10.33
216,Longyearbyen,SJ,2022-02-18 07:34:04,78.2186,15.6401,12.04,62,20,17.27
217,Tasiilaq,GL,2022-02-18 07:34:05,65.6145,-37.6368,23.16,90,100,23.51
218,Thinadhoo,MV,2022-02-18 07:34:05,0.5333,72.9333,82.17,67,67,11.41
219,Zhuji,CN,2022-02-18 07:34:06,29.7188,120.2423,42.71,98,100,1.97
220,Mezen,RU,2022-02-18 07:34:06,65.8522,44.24,32.97,99,100,11.41
221,Nombre De Dios,MX,2022-02-18 07:34:07,23.85,-104.2333,54.81,48,83,7.58
222,Hervey Bay,AU,2022-02-18 07:34:07,-25.2986,152.8535,83.01,70,0,5.99
223,Birao,CF,2022-02-18 07:34:07,10.2849,22.7882,87.6,8,68,6.53
224,Dawson Creek,CA,2022-02-18 07:34:08,55.7666,-120.2362,4.64,72,100,10.36
225,Saint George,US,2022-02-18 07:32:48,37.1041,-113.5841,42.35,39,0,3.44
226,Kodiak,US,2022-02-18 07:35:08,57.79,-152.4072,44.11,70,100,4.61
227,Den Helder,NL,2022-02-18 07:35:09,52.9599,4.7593,46.08,93,100,25.01
228,Itapaci,BR,2022-02-18 07:35:09,-14.9508,-49.5494,66.67,98,69,1.99
229,Cabo San Lucas,MX,2022-02-18 07:32:00,22.8909,-109.9124,67.51,74,100,4.12
230,Port Hedland,AU,2022-02-18 07:31:28,-20.3167,118.5667,100.45,39,52,17.27
231,Narsaq,GL,2022-02-18 07:35:10,60.9167,-46.05,12.42,65,100,8.7
232,Ponta Delgada,PT,2022-02-18 07:35:11,37.7333,-25.6667,52.5,66,75,16.11
233,Choix,MX,2022-02-18 07:35:11,26.7092,-108.3219,54.64,41,40,4.76
234,Whitehorse,CA,2022-02-18 07:35:11,60.7161,-135.0538,18.37,84,100,3.44
235,Puerto Escondido,MX,2022-02-18 07:35:12,15.85,-97.0667,77.25,78,0,4.7
236,Temir,KZ,2022-02-18 07:35:12,49.1414,57.13,27.03,87,99,13.04
237,San Cristobal,VE,2022-02-18 07:35:13,7.7669,-72.225,68.43,76,95,0.85
238,Guerrero Negro,MX,2022-02-18 07:35:13,27.9769,-114.0611,58.71,42,0,1.92
239,Koslan,RU,2022-02-18 07:35:14,63.4564,48.8989,33.35,97,100,14.32
240,Namibe,AO,2022-02-18 07:35:14,-15.1961,12.1522,77.63,78,75,9.22
241,Vitim,RU,2022-02-18 07:35:15,59.4511,112.5578,5.14,88,100,6.24
242,Ekhabi,RU,2022-02-18 07:35:15,53.5102,142.9671,13.32,94,100,15.86
243,Irbeyskoye,RU,2022-02-18 07:35:16,55.6428,95.4522,22.46,78,100,10.51
244,Anaconda,US,2022-02-18 07:35:16,46.1285,-112.9423,34.79,91,89,7.61
245,Point Pedro,LK,2022-02-18 07:35:17,9.8167,80.2333,82.98,62,14,11.32
246,Bengkulu,ID,2022-02-18 07:35:17,-3.8004,102.2655,84.6,64,97,6.04
247,Krasnogorsk,RU,2022-02-18 07:35:18,55.8225,37.3181,37.06,93,100,11.18
248,Mayumba,GA,2022-02-18 07:35:18,-3.432,10.6554,79.92,81,97,2.73
249,Galle,LK,2022-02-18 07:34:42,6.0367,80.217,83.14,67,78,8.12
250,Bonthe,SL,2022-02-18 07:35:19,7.5264,-12.505,78.69,80,62,3.49
251,Portland,US,2022-02-18 07:34:10,45.5234,-122.6762,46.6,91,40,3.44
252,Puerto Del Rosario,ES,2022-02-18 07:35:19,28.5004,-13.8627,58.75,77,20,8.05
253,Cap Malheureux,MU,2022-02-18 07:35:20,-19.9842,57.6142,85.46,68,94,14.0
254,Lagunas,PE,2022-02-18 07:35:20,-5.2269,-75.6753,72.05,98,100,1.99
255,Nizwa,OM,2022-02-18 07:35:21,22.9333,57.5333,75.18,31,0,6.33
256,Maldonado,UY,2022-02-18 07:35:21,-34.6667,-54.9167,64.22,82,0,4.52
257,Ilebo,CD,2022-02-18 07:35:22,-4.3167,20.5833,83.3,65,45,2.17
258,The Pas,CA,2022-02-18 07:31:01,53.8251,-101.2541,-7.58,77,100,3.44
259,Martil,MA,2022-02-18 07:35:22,35.6166,-5.2752,53.67,87,0,5.75
260,Jalu,LY,2022-02-18 07:35:23,29.0331,21.5482,54.81,66,2,13.67
261,Zdvinsk,RU,2022-02-18 07:35:23,54.7021,78.661,19.94,92,100,12.66
262,Dongsheng,CN,2022-02-18 07:35:24,39.8161,109.9776,16.03,19,97,20.67
263,Los Llanos De Aridane,ES,2022-02-18 07:30:57,28.6585,-17.9182,58.75,51,75,8.99
264,Kajaani,FI,2022-02-18 07:35:25,64.2273,27.7285,28.45,100,100,8.05
265,Caravelas,BR,2022-02-18 07:31:27,-17.7125,-39.2481,73.89,95,88,4.92
266,Kulhudhuffushi,MV,2022-02-18 07:35:26,6.6221,73.07,81.48,72,57,7.49
267,Mundra,IN,2022-02-18 07:35:26,22.85,69.7333,80.58,31,0,2.68
268,Haimen,CN,2022-02-18 07:35:27,23.1935,116.6142,64.29,77,52,21.25
269,Viedma,AR,2022-02-18 07:35:27,-40.8135,-62.9967,60.67,59,0,15.73
270,Baiao,BR,2022-02-18 07:35:28,-2.7906,-49.6717,71.37,99,100,1.66
271,Dalbandin,PK,2022-02-18 07:32:51,28.8947,64.4101,64.92,21,0,6.33
272,Creel,MX,2022-02-18 07:36:28,27.75,-107.6333,30.13,49,0,4.25
273,Calabozo,VE,2022-02-18 07:36:29,8.9242,-67.4293,74.34,67,4,7.78
274,Bako,ET,2022-02-18 07:36:29,5.7833,36.5667,83.84,31,39,3.47
275,Cochrane,CA,2022-02-18 07:35:15,51.1834,-114.4687,32.7,77,100,0.0
276,Tazovskiy,RU,2022-02-18 07:36:30,67.4667,78.7,12.13,95,100,8.32
277,Bar Harbor,US,2022-02-18 07:36:30,44.3876,-68.2039,52.23,93,100,24.16
278,Podgornoye,RU,2022-02-18 07:36:31,51.735,39.1496,37.62,87,100,13.42
279,Riviere-Au-Renard,CA,2022-02-18 07:36:31,48.9957,-64.3971,28.69,96,100,7.52
280,Faanui,PF,2022-02-18 07:36:32,-16.4833,-151.75,80.47,73,14,8.39
281,Martapura,ID,2022-02-18 07:36:32,-3.4167,114.85,82.49,74,20,3.44
282,Plerin,FR,2022-02-18 07:36:32,48.5425,-2.7798,49.77,81,75,26.46
283,Lima,PE,2022-02-18 07:34:37,-12.0432,-77.0282,67.14,38,40,5.75
284,Sinop,TR,2022-02-18 07:36:33,41.7711,34.8709,43.23,79,100,12.66
285,Marysville,US,2022-02-18 07:36:34,48.0518,-122.1771,47.97,92,100,6.91
286,Tateyama,JP,2022-02-18 07:36:35,34.9833,139.8667,52.07,36,37,9.37
287,Poum,NC,2022-02-18 07:36:35,-20.2333,164.0167,82.78,78,11,14.23
288,Bundaberg,AU,2022-02-18 07:36:36,-24.85,152.35,82.69,73,16,12.66
289,Sorong,ID,2022-02-18 07:36:36,-0.8833,131.25,82.11,77,100,4.92
290,Ilulissat,GL,2022-02-18 07:36:37,69.2167,-51.1,5.02,78,100,9.22
291,Constitucion,CL,2022-02-18 07:36:37,-35.3333,-72.4167,57.33,58,0,9.73
292,Payson,US,2022-02-18 07:36:37,40.0444,-111.7321,33.4,73,0,4.61
293,Niono,ML,2022-02-18 07:36:38,14.2526,-5.993,70.23,17,1,8.41
294,Sao Joao Da Barra,BR,2022-02-18 07:36:38,-21.6403,-41.0511,72.55,91,96,2.71
295,Zapolyarnyy,RU,2022-02-18 07:36:39,69.4154,30.8136,27.68,92,100,26.98
296,Windhoek,NA,2022-02-18 07:36:39,-22.5594,17.0832,75.11,57,0,10.36
297,Namatanai,PG,2022-02-18 07:36:40,-3.6667,152.4333,80.98,76,85,4.38
298,Dingle,PH,2022-02-18 07:36:40,10.9995,122.6711,84.13,61,34,12.64
299,Talaya,RU,2022-02-18 07:36:41,61.3833,152.75,-26.95,100,100,3.69
300,Port Shepstone,ZA,2022-02-18 07:36:41,-30.7414,30.455,70.0,83,100,4.12
301,Sagar,IN,2022-02-18 07:36:42,23.8333,78.7167,81.7,19,0,2.08
302,Pisco,PE,2022-02-18 07:34:48,-13.7,-76.2167,69.85,78,0,6.91
303,Esperance,AU,2022-02-18 07:36:42,-33.8667,121.9,80.44,56,0,20.07
304,Katsuura,JP,2022-02-18 07:36:43,35.1333,140.3,51.84,37,12,10.98
305,College,US,2022-02-18 07:36:43,64.8569,-147.8028,15.75,83,100,11.5
306,Karratha,AU,2022-02-18 07:36:44,-20.7377,116.8463,95.13,41,53,11.74
307,Matay,EG,2022-02-18 07:36:44,28.419,30.7792,59.83,59,2,6.6
308,Sisimiut,GL,2022-02-18 07:36:45,66.9395,-53.6735,-9.62,91,99,5.77
309,Tuatapere,NZ,2022-02-18 07:36:45,-46.1333,167.6833,70.83,58,100,10.49
310,Rawson,AR,2022-02-18 07:36:45,-43.3002,-65.1023,69.4,42,0,22.59
311,Rockhampton,AU,2022-02-18 07:36:46,-23.3833,150.5,87.69,51,71,8.05
312,Santiago,CL,2022-02-18 07:32:12,-33.4569,-70.6483,70.86,46,0,2.3
313,Porto Novo,BJ,2022-02-18 07:36:46,6.4965,2.6036,82.22,74,94,4.88
314,Padang,ID,2022-02-18 07:36:47,-0.9492,100.3543,89.65,62,55,5.68
315,Palmer,US,2022-02-18 07:36:47,42.1584,-72.3287,57.36,81,100,23.02
316,Avera,US,2022-02-18 07:36:48,33.194,-82.5271,71.71,79,100,22.03
317,Langenzenn,DE,2022-02-18 07:36:48,49.5,10.8,44.53,77,20,6.91
318,Norman Wells,CA,2022-02-18 07:36:49,65.282,-126.8329,-25.56,68,20,3.44
319,Akdepe,TM,2022-02-18 07:36:49,42.0551,59.3788,42.89,37,3,10.65
320,Cerrito,CO,2022-02-18 07:37:50,6.8432,-72.694,52.66,83,95,0.98
321,Lasa,IT,2022-02-18 07:37:50,46.6166,10.7002,44.06,58,41,3.65
322,Juba,SS,2022-02-18 07:37:50,4.8517,31.5825,95.81,11,16,4.21
323,Honiara,SB,2022-02-18 07:37:51,-9.4333,159.95,80.01,86,97,2.26
324,Lebu,CL,2022-02-18 07:37:51,-37.6167,-73.65,54.46,84,2,15.59
325,Mount Isa,AU,2022-02-18 07:34:03,-20.7333,139.5,96.57,26,40,9.22
326,Marzuq,YE,2022-02-18 07:37:52,14.4,46.4667,79.86,29,4,4.54
327,Bolanos De Calatrava,ES,2022-02-18 07:37:53,38.9069,-3.6635,29.88,100,20,0.0
328,Bambous Virieux,MU,2022-02-18 07:37:53,-20.3428,57.7575,85.21,83,75,13.8
329,Marawi,PH,2022-02-18 07:37:54,7.9986,124.2928,73.65,78,100,5.99
330,Ushtobe,KZ,2022-02-18 07:37:55,45.2514,77.9838,19.31,67,0,12.03
331,Buenos Aires,AR,2022-02-18 07:35:13,-34.6132,-58.3772,64.13,75,75,9.22
332,Quatre Cocos,MU,2022-02-18 07:37:55,-20.2078,57.7625,85.08,68,98,20.85
333,Xinqing,CN,2022-02-18 07:37:56,48.2333,129.5,12.42,84,100,0.83
334,Luau,AO,2022-02-18 07:37:56,-10.7073,22.2247,64.92,98,100,1.39
335,Carutapera,BR,2022-02-18 07:37:56,-1.195,-46.02,75.24,91,99,3.27
336,Brae,GB,2022-02-18 07:37:57,60.3964,-1.353,40.91,62,100,2.39
337,Mount Hagen,PG,2022-02-18 07:35:04,-5.8581,144.2274,70.56,78,75,9.22
338,Kang,BW,2022-02-18 07:37:58,-23.6752,22.7876,83.32,31,0,10.31
339,Pemangkat,ID,2022-02-18 07:37:58,1.1667,108.9667,85.05,70,52,11.14
340,Wagar,SD,2022-02-18 07:37:58,16.1525,36.2032,82.24,24,6,4.74
341,Sioux Lookout,CA,2022-02-18 07:37:59,50.1001,-91.917,-12.62,75,40,4.61
342,Caruray,PH,2022-02-18 07:37:59,10.3094,119.0128,84.47,65,100,7.83
343,Erenhot,CN,2022-02-18 07:38:00,43.6475,111.9767,7.54,62,80,14.76
344,Yakeshi,CN,2022-02-18 07:38:00,49.2833,120.7333,9.25,86,100,4.81
345,Penzance,GB,2022-02-18 07:35:13,50.1186,-5.5371,49.21,76,20,46.04
346,Kuching,MY,2022-02-18 07:38:01,1.55,110.3333,89.82,58,40,4.61
347,Qasigiannguit,GL,2022-02-18 07:38:01,68.8193,-51.1922,5.25,99,100,4.54
348,Nevel,RU,2022-02-18 07:38:02,56.0209,29.9284,32.47,89,100,9.33
349,Markala,ML,2022-02-18 07:38:03,13.7021,-6.0659,70.25,18,0,8.52
350,Poddorye,RU,2022-02-18 07:38:03,57.4695,31.1156,32.72,83,100,11.27
351,Nara,JP,2022-02-18 07:38:04,34.6851,135.8049,45.77,53,94,8.57
352,Ust-Tsilma,RU,2022-02-18 07:38:04,65.441,52.1498,30.78,91,100,11.12
353,Belyy Yar,RU,2022-02-18 07:38:04,53.6039,91.3903,24.69,72,0,15.66
354,Tandalti,SD,2022-02-18 07:38:05,13.0167,31.8667,82.83,8,6,11.36
355,Saint-Paul,RE,2022-02-18 07:38:05,-21.0096,55.2707,86.09,71,41,4.85
356,Boa Vista,BR,2022-02-18 07:38:06,2.8197,-60.6733,78.78,69,0,12.66
357,Sao Jose Da Coroa Grande,BR,2022-02-18 07:38:06,-8.8978,-35.1478,78.06,74,87,4.7
358,Beringovskiy,RU,2022-02-18 07:38:07,63.05,179.3167,-6.07,92,100,18.59
359,Brazzaville,CG,2022-02-18 07:38:07,-4.2658,15.2832,79.11,83,100,3.44
360,Te Anau,NZ,2022-02-18 07:35:53,-45.4167,167.7167,60.89,72,97,10.49
361,Presidente Epitacio,BR,2022-02-18 07:38:08,-21.7633,-52.1156,70.68,92,100,3.65
362,Phalombe,MW,2022-02-18 07:38:08,-15.8064,35.6507,73.6,90,94,1.99
363,Hambantota,LK,2022-02-18 07:38:09,6.1241,81.1185,89.94,58,20,4.61
364,Daru,PG,2022-02-18 07:38:09,-9.0763,143.2092,79.41,85,100,3.71
365,Luwuk,ID,2022-02-18 07:39:10,-0.9516,122.7875,82.29,80,100,0.98
366,Camacha,PT,2022-02-18 07:39:10,33.0833,-16.3333,58.42,59,75,10.36
367,Kungurtug,RU,2022-02-18 07:39:11,50.5994,97.5228,6.49,73,52,1.95
368,La Paz,BO,2022-02-18 07:39:11,-16.5,-68.15,48.18,100,75,5.75
369,Vredendal,ZA,2022-02-18 07:39:11,-31.6683,18.5012,87.78,27,0,3.06
370,Muros,ES,2022-02-18 07:39:12,42.7762,-9.0603,56.08,87,100,18.63
371,Umaria,IN,2022-02-18 07:39:12,23.5333,80.8333,82.67,17,1,6.51
372,Carnarvon,AU,2022-02-18 07:39:13,-24.8667,113.6333,91.47,55,99,10.36
373,Merced,US,2022-02-18 07:39:13,37.1666,-120.7516,51.06,49,0,3.2
374,Shimoda,JP,2022-02-18 07:39:14,34.6667,138.95,52.16,37,33,4.88
375,Westport,US,2022-02-18 07:39:14,41.1415,-73.3579,59.9,93,100,27.63
376,Port Blair,IN,2022-02-18 07:39:15,11.6667,92.75,77.04,94,100,4.61
377,Teguldet,RU,2022-02-18 07:39:15,57.3064,88.1667,20.12,93,100,9.01
378,La Guaira,VE,2022-02-18 07:39:16,10.599,-66.9346,74.77,84,40,0.0
379,Wanning,CN,2022-02-18 07:39:16,18.8003,110.3967,77.63,79,100,7.67
380,Ohara,JP,2022-02-18 07:39:16,35.25,140.3833,51.66,37,28,8.14
381,Buraydah,SA,2022-02-18 07:39:17,26.326,43.975,68.45,20,11,23.6
382,Dhidhdhoo,MV,2022-02-18 07:36:57,6.8833,73.1,81.45,72,30,6.76
383,Manokwari,ID,2022-02-18 07:39:18,-0.8667,134.0833,82.67,74,72,3.33
384,Yining,CN,2022-02-18 07:39:18,29.0361,114.5636,36.91,99,100,2.28
385,Kampot,KH,2022-02-18 07:39:19,10.6167,104.1833,86.05,52,91,6.04
386,Forest Grove,US,2022-02-18 07:39:19,45.5198,-123.1107,45.68,80,1,1.01
387,Mbalmayo,CM,2022-02-18 07:39:20,3.5167,11.5,71.92,65,81,3.65
388,Bay Roberts,CA,2022-02-18 07:39:03,47.5999,-53.2648,48.33,80,100,18.01
389,Buta,CD,2022-02-18 07:39:20,2.7858,24.73,91.54,34,5,1.95
390,Ust-Nera,RU,2022-02-18 07:39:21,64.5667,143.2,-25.8,99,34,0.47
391,Pemba,MZ,2022-02-18 07:39:21,-12.974,40.5178,81.3,83,75,3.44
392,Namie,JP,2022-02-18 07:39:21,37.4833,141.0,43.97,60,3,13.06
393,Kumluca,TR,2022-02-18 07:39:22,36.3703,30.2869,55.67,67,2,2.86
394,Kavaratti,IN,2022-02-18 07:39:22,10.5669,72.642,80.69,69,17,11.43
395,Umm Lajj,SA,2022-02-18 07:39:23,25.0213,37.2685,72.59,50,3,4.5
396,Plonsk,PL,2022-02-18 07:39:23,52.6235,20.3755,42.04,85,97,18.72
397,Phaltan,IN,2022-02-18 07:39:23,17.9833,74.4333,88.39,23,10,10.0
398,Hami,CN,2022-02-18 07:39:24,42.8,93.45,27.01,26,0,5.66
399,Champerico,GT,2022-02-18 07:39:25,14.3,-91.9167,79.03,71,0,7.34
400,Sabang,ID,2022-02-18 07:39:25,5.8933,95.3214,82.11,76,100,10.2
401,Talara,PE,2022-02-18 07:39:25,-4.5772,-81.2719,71.85,78,100,10.04
402,Dogondoutchi,NE,2022-02-18 07:39:26,13.6393,4.0287,78.93,9,0,16.04
403,Maarianhamina,AX,2022-02-18 07:39:26,60.0973,19.9348,28.26,80,0,6.91
404,Shafranovo,RU,2022-02-18 07:39:27,53.9667,54.7667,20.17,89,59,12.73
405,Lawrenceburg,US,2022-02-18 07:39:27,38.0373,-84.8966,33.57,85,100,12.66
406,Saint-Joseph,RE,2022-02-18 07:39:28,-21.3667,55.6167,84.56,68,23,15.23
407,Yuncheng,CN,2022-02-18 07:39:28,35.0231,110.9928,36.36,79,100,5.12
408,Paramirim,BR,2022-02-18 07:39:29,-13.4425,-42.2389,68.22,91,18,1.32
409,Faya,SA,2022-02-18 07:39:29,18.3851,42.4509,62.71,37,0,9.46
410,Suntar,RU,2022-02-18 07:39:29,62.1444,117.6319,-9.2,96,100,1.28
411,San Vicente De Canete,PE,2022-02-18 07:40:30,-13.0751,-76.3835,70.95,86,100,3.49
412,Benjamin Constant,BR,2022-02-18 07:40:30,-4.3831,-70.0311,73.53,99,98,0.74
413,Ahipara,NZ,2022-02-18 07:40:31,-35.1667,173.1667,66.13,75,100,5.61
414,Guarapari,BR,2022-02-18 07:36:15,-20.6667,-40.4975,76.89,90,100,5.82
415,Lahij,YE,2022-02-18 07:40:31,13.1667,44.5833,78.15,47,2,10.29
416,Sabalgarh,IN,2022-02-18 07:40:32,26.25,77.4,82.83,17,0,6.08
417,Moose Factory,CA,2022-02-18 07:40:32,51.2585,-80.6094,-22.0,76,0,5.75
418,Togur,RU,2022-02-18 07:40:33,58.3631,82.8265,22.95,90,100,7.47
419,Arraial Do Cabo,BR,2022-02-18 07:40:33,-22.9661,-42.0278,74.25,87,100,7.78
420,Asyut,EG,2022-02-18 07:40:34,27.181,31.1837,55.58,41,28,10.89
421,Banjar,ID,2022-02-18 07:40:34,-8.19,114.9675,89.46,73,99,7.27
422,Krasnoselkup,RU,2022-02-18 07:40:34,65.7,82.4667,12.58,93,100,14.92
423,Chubbuck,US,2022-02-18 07:40:35,42.9208,-112.4661,31.89,59,0,12.66
424,Bathurst,AU,2022-02-18 07:40:35,-33.4166,149.5806,80.96,32,0,5.01
425,Coruripe,BR,2022-02-18 07:40:36,-10.1256,-36.1756,76.1,84,99,6.13
426,Nizhniy Odes,RU,2022-02-18 07:40:36,63.6445,54.856,28.04,92,100,12.19
427,Kutum,SD,2022-02-18 07:40:36,14.2,24.6667,75.18,9,7,6.6
428,Trairi,BR,2022-02-18 07:40:37,-3.2778,-39.2689,76.06,84,100,3.47
429,Mandiana,GN,2022-02-18 07:40:37,10.6333,-8.6833,71.92,21,0,3.18
430,Pingzhuang,CN,2022-02-18 07:40:38,42.0372,119.2889,21.61,47,20,15.48
431,Butwal,NP,2022-02-18 07:40:39,27.7006,83.4484,73.83,47,17,5.75
432,Aiken,US,2022-02-18 07:37:15,33.5835,-81.5998,71.1,83,100,16.11
433,Wawa,NG,2022-02-18 07:40:39,9.9022,4.4192,84.02,16,10,4.85
434,Rio Gallegos,AR,2022-02-18 07:40:40,-51.6226,-69.2181,53.65,76,0,4.61
435,Havelock,US,2022-02-18 07:40:40,34.8791,-76.9013,71.55,91,100,14.0
436,Kpandae,GH,2022-02-18 07:40:40,8.4689,-0.0113,85.21,55,16,6.62
437,Muzaffarabad,PK,2022-02-18 07:40:41,34.37,73.4711,62.19,35,100,3.02
438,Shivrajpur,IN,2022-02-18 07:40:41,22.4167,73.65,85.96,24,0,5.75
439,Batagay-Alyta,RU,2022-02-18 07:40:42,67.8006,130.4114,-22.07,80,75,3.74
440,Port Macquarie,AU,2022-02-18 07:40:42,-31.4333,152.9167,82.36,75,0,6.58
441,Gornyak,RU,2022-02-18 07:40:43,50.9942,81.4661,14.76,78,72,14.72
442,Alice Town,BS,2022-02-18 07:40:43,25.7167,-79.3,75.13,84,5,16.75
443,Hualmay,PE,2022-02-18 07:38:45,-11.0964,-77.6139,70.07,88,100,3.44
444,Virginia Beach,US,2022-02-18 07:40:41,36.8529,-75.978,68.22,91,100,20.71
445,Victor Harbor,AU,2022-02-18 07:40:44,-35.5667,138.6167,74.8,74,17,1.01
446,Nazas,MX,2022-02-18 07:40:44,25.2333,-104.1333,63.12,23,100,2.42
447,Mopti,ML,2022-02-18 07:40:45,14.6667,-4.0,72.32,17,7,8.72
448,Montmagny,FR,2022-02-18 07:40:45,48.9734,2.3469,54.25,83,100,24.16
449,Luang Prabang,LA,2022-02-18 07:40:45,19.8856,102.1347,85.96,54,75,4.61
450,Tshikapa,CD,2022-02-18 07:40:46,-6.4167,20.8,80.49,68,100,2.19
451,Taoudenni,ML,2022-02-18 07:40:47,22.6783,-3.9836,62.06,18,100,10.54
452,Nhulunbuy,AU,2022-02-18 07:40:47,-12.2333,136.7667,86.61,66,100,5.75
453,Qujing,CN,2022-02-18 07:40:48,25.4833,103.7833,69.28,25,5,20.04
454,Itoman,JP,2022-02-18 07:40:48,26.1247,127.6694,61.57,96,75,21.85
455,Mandalgovi,MN,2022-02-18 07:40:48,45.7625,106.2708,7.66,42,9,12.57
456,Lavrentiya,RU,2022-02-18 07:41:49,65.5833,-171.0,-7.58,94,100,11.88
457,Grand Gaube,MU,2022-02-18 07:41:49,-20.0064,57.6608,85.37,67,91,10.0
458,Vao,NC,2022-02-18 07:41:50,-22.6667,167.4833,79.56,84,95,10.8
459,Fayaoue,NC,2022-02-18 07:41:50,-20.65,166.5333,82.83,72,26,4.34
460,Turukhansk,RU,2022-02-18 07:41:51,65.8167,87.9833,8.96,91,100,16.64
461,Bandarbeyla,SO,2022-02-18 07:41:51,9.4942,50.8122,78.55,57,54,19.53
462,Biskamzha,RU,2022-02-18 07:41:51,53.4497,89.5272,19.56,86,100,11.99
463,Burgeo,CA,2022-02-18 07:41:52,47.6167,-57.6152,39.63,97,100,37.45
464,Nisporeni,MD,2022-02-18 07:41:52,47.0814,28.1783,44.69,83,62,19.08
465,Maunabo,PR,2022-02-18 07:41:53,18.0072,-65.8993,75.7,82,27,12.97
466,Guapo,BR,2022-02-18 07:39:57,-16.8306,-49.5319,68.38,98,30,3.15
467,Kassala,SD,2022-02-18 07:41:53,15.451,36.4,83.34,22,29,4.16
468,Basco,PH,2022-02-18 07:41:54,20.4487,121.9702,74.19,85,100,10.76
469,Mehamn,NO,2022-02-18 07:41:54,71.0357,27.8492,30.11,63,100,27.65
470,Rorvik,NO,2022-02-18 07:41:55,64.8621,11.2373,21.31,100,0,4.61
471,Tandil,AR,2022-02-18 07:41:55,-37.3217,-59.1332,47.77,93,0,3.0
472,Naze,JP,2022-02-18 07:37:24,28.3667,129.4833,54.52,88,100,20.36
473,Araxa,BR,2022-02-18 07:41:56,-19.5933,-46.9406,66.16,100,75,1.14
474,Namtsy,RU,2022-02-18 07:41:57,62.7161,129.6658,-18.29,100,77,0.25
475,Londoko,RU,2022-02-18 07:41:57,49.0333,131.9833,12.09,82,100,4.74
476,Garden City,US,2022-02-18 07:41:58,42.3256,-83.331,20.08,87,100,17.27
477,Mecca,SA,2022-02-18 07:41:54,21.4267,39.8261,77.27,55,2,9.69
478,Yumen,CN,2022-02-18 07:41:58,40.2833,97.2,25.75,27,48,23.02
479,Garh Maharaja,PK,2022-02-18 07:41:59,30.8339,71.9053,77.13,24,0,8.93
480,Severo-Yeniseyskiy,RU,2022-02-18 07:41:59,60.3725,93.0408,10.6,86,100,6.24
481,Wexford,IE,2022-02-18 07:39:57,52.3342,-6.4575,46.58,84,100,20.87
482,Iqaluit,CA,2022-02-18 07:42:00,63.7506,-68.5145,-29.31,66,0,6.91
483,Guamuchil,MX,2022-02-18 07:38:48,25.4667,-108.1,52.75,61,99,1.86
484,Havoysund,NO,2022-02-18 07:42:00,70.9963,24.6622,29.28,63,100,29.08
485,Hakkari,TR,2022-02-18 07:42:01,37.5833,44.1667,17.38,100,75,2.3
486,Sitka,US,2022-02-18 07:42:01,57.0531,-135.33,40.89,81,100,8.05
487,Chama,CH,2022-02-18 07:42:02,47.1821,8.4636,48.47,86,75,1.14
488,Alice Springs,AU,2022-02-18 07:42:02,-23.7,133.8833,85.55,28,0,13.8
489,Nouakchott,MR,2022-02-18 07:42:03,18.0858,-15.9785,67.93,27,100,9.55
490,Lukiv,UA,2022-02-18 07:42:03,51.0521,25.4006,40.17,90,100,18.84
491,Launceston,AU,2022-02-18 07:42:03,-41.45,147.1667,69.15,36,1,16.11
492,Nioro,GM,2022-02-18 07:42:04,13.35,-15.75,72.59,18,83,5.97
493,Eau Claire,US,2022-02-18 07:41:50,44.8114,-91.4985,-3.14,73,0,3.44
494,Codrington,AU,2022-02-18 07:42:05,-38.2667,141.9667,61.34,58,88,12.88
495,Puerto Madryn,AR,2022-02-18 07:42:05,-42.7692,-65.0385,67.77,47,0,24.58
496,Novyy Svit,UA,2022-02-18 07:42:05,47.8059,38.0211,40.95,93,100,17.13
497,Marsabit,KE,2022-02-18 07:42:06,2.3284,37.9899,78.01,42,1,14.58
498,Solnechnyy,RU,2022-02-18 07:42:06,50.7214,136.6319,7.23,98,99,2.01
499,Alofi,NU,2022-02-18 07:42:07,-19.0595,-169.9187,76.89,88,9,2.3
500,Najran,SA,2022-02-18 07:42:07,17.4924,44.1277,70.45,23,3,3.24
501,Samarai,PG,2022-02-18 07:42:08,-10.6167,150.6667,82.33,80,100,8.43
502,Quelimane,MZ,2022-02-18 07:43:08,-17.8786,36.8883,76.41,95,100,8.41
503,Kavieng,PG,2022-02-18 07:43:08,-2.5744,150.7967,83.5,72,86,9.73
504,Altamira,BR,2022-02-18 07:43:09,-3.2033,-52.2064,69.87,99,98,2.28
505,Waingapu,ID,2022-02-18 07:43:09,-9.6567,120.2641,86.02,66,28,3.51
506,Margate,GB,2022-02-18 07:43:10,51.3813,1.3862,53.04,89,100,15.01
507,Taguatinga,BR,2022-02-18 07:43:10,-12.3857,-46.5711,69.73,95,86,2.13
508,Menongue,AO,2022-02-18 07:43:10,-14.6585,17.691,65.03,93,100,4.14
509,Nalut,LY,2022-02-18 07:43:11,30.3333,10.85,52.79,44,0,5.21
510,Tocache,PE,2022-02-18 07:43:11,-8.1842,-76.5125,68.85,98,100,0.25
511,Sampit,ID,2022-02-18 07:43:12,-2.5333,112.95,76.68,88,100,0.85
512,Oyama,JP,2022-02-18 07:43:12,36.3,139.8,50.04,26,16,5.64
513,Soe,ID,2022-02-18 07:43:13,-9.8607,124.284,75.67,80,88,4.74
514,Bagaha,IN,2022-02-18 07:43:13,27.1,84.0833,75.31,35,0,7.29
515,Nizhniy Tsasuchey,RU,2022-02-18 07:43:14,50.5167,115.1333,8.29,74,94,10.45
516,Staunton,US,2022-02-18 07:43:14,38.1496,-79.0717,63.73,69,0,24.16
517,Iraquara,BR,2022-02-18 07:43:14,-12.2486,-41.6194,66.4,98,100,3.0
518,Nizhniy Ingash,RU,2022-02-18 07:43:15,56.2,96.53,18.66,87,100,7.85
519,Geraldton,AU,2022-02-18 07:43:15,-28.7667,114.6,102.61,8,74,6.91
520,Sobolevo,RU,2022-02-18 07:43:16,54.4299,31.8996,30.97,92,26,13.67
521,Sorland,NO,2022-02-18 07:43:16,67.667,12.6934,33.66,64,75,16.11
522,Juegang,CN,2022-02-18 07:43:17,32.3174,121.1855,46.9,69,100,11.43
523,Bowen,AU,2022-02-18 07:43:17,-20.0167,148.2333,84.42,74,100,14.12
524,Ust-Kuyga,RU,2022-02-18 07:43:17,70.0167,135.6,-35.07,99,91,6.24
525,Jieshi,CN,2022-02-18 07:43:18,22.8134,115.8257,64.94,75,46,21.77
526,Sangar,RU,2022-02-18 07:43:18,63.9242,127.4739,-22.88,100,80,1.25
527,Kose,TR,2022-02-18 07:43:19,40.21,39.6511,23.56,85,81,3.89
528,Coquimbo,CL,2022-02-18 07:43:19,-29.9533,-71.3436,62.33,94,100,0.0
529,Raga,SS,2022-02-18 07:43:20,8.4596,25.678,89.06,9,42,5.48
530,Japura,ID,2022-02-18 07:43:21,-0.3167,102.35,87.82,65,74,1.97
531,Inta,RU,2022-02-18 07:43:21,66.0317,60.1659,24.6,83,100,10.6
532,Kon Tum,VN,2022-02-18 07:43:22,14.35,108.0,83.16,61,98,6.2
533,Pati,ID,2022-02-18 07:43:22,-6.7559,111.038,75.85,95,100,5.46
534,Kyshtovka,RU,2022-02-18 07:43:22,56.555,76.6271,23.11,90,100,10.13
535,Ambon,ID,2022-02-18 07:43:23,-3.6954,128.1814,87.94,66,40,12.66
536,Kenai,US,2022-02-18 07:43:23,60.5544,-151.2583,34.03,98,100,3.44
537,Mogadishu,SO,2022-02-18 07:43:24,2.0371,45.3438,84.07,65,40,16.11
538,Manggar,ID,2022-02-18 07:43:24,-2.8833,108.2667,78.67,78,100,2.35
539,Ancud,CL,2022-02-18 07:43:25,-41.8697,-73.8203,51.22,85,0,2.01
540,Isangel,VU,2022-02-18 07:43:25,-19.55,169.2667,80.73,80,66,4.97
541,Mont-Dore,NC,2022-02-18 07:43:25,-22.2833,166.5833,84.0,99,44,7.2
542,Kiruna,SE,2022-02-18 07:43:26,67.8557,20.2251,20.32,86,100,17.27
543,Fernandez,AR,2022-02-18 07:43:26,-27.9204,-63.8935,70.21,83,6,2.82
544,Chettipalaiyam,IN,2022-02-18 07:43:27,10.9,77.0667,85.95,37,20,6.91
545,Payo,ID,2022-02-18 07:43:27,-3.7508,103.6372,88.65,57,100,3.42
546,Yuzhnouralsk,RU,2022-02-18 07:43:28,54.4418,61.2536,20.86,87,15,3.31
547,Matagami,CA,2022-02-18 07:43:28,49.7502,-77.6328,-16.49,76,75,6.91
548,Komsomolskiy,UZ,2022-02-18 07:44:28,40.4272,71.7189,47.12,39,0,4.61
549,Paracuru,BR,2022-02-18 07:44:29,-3.41,-39.0306,82.11,85,93,4.59
550,Leshukonskoye,RU,2022-02-18 07:44:29,64.8989,45.7622,33.55,98,100,12.73
551,Molteno,ZA,2022-02-18 07:44:30,-31.3968,26.3625,73.0,39,1,6.08
552,Price,US,2022-02-18 07:44:30,39.5994,-110.8107,31.26,47,0,8.05
553,Goianesia,BR,2022-02-18 07:44:31,-15.3175,-49.1175,66.31,94,76,0.96
554,Morondava,MG,2022-02-18 07:44:31,-20.2833,44.2833,85.51,67,26,4.32
555,Stornoway,GB,2022-02-18 07:44:32,58.2093,-6.3865,37.36,75,75,3.44
556,Lubango,AO,2022-02-18 07:44:32,-14.9172,13.4925,67.86,77,75,6.91
557,Riyadh,SA,2022-02-18 07:41:47,24.6877,46.7219,62.74,24,0,19.64
558,Souillac,MU,2022-02-18 07:44:33,-20.5167,57.5167,86.36,83,75,13.8
559,Namwala,ZM,2022-02-18 07:44:33,-15.7504,26.4384,74.23,72,70,5.66
560,Beidao,CN,2022-02-18 07:44:34,34.5686,105.8933,32.02,84,100,9.78
561,Half Moon Bay,US,2022-02-18 07:44:34,37.4636,-122.4286,54.3,63,0,5.75
562,Shenjiamen,CN,2022-02-18 07:44:35,29.9576,122.298,46.42,85,100,11.16
563,Shaunavon,CA,2022-02-18 07:44:35,49.6501,-108.4181,31.24,96,89,19.42
564,Goderich,CA,2022-02-18 07:44:36,43.7501,-81.7165,22.91,86,100,11.5
565,Dunyapur,PK,2022-02-18 07:44:36,29.7995,71.7196,68.02,19,2,8.21
566,Hainichen,DE,2022-02-18 07:44:36,50.9667,13.1167,44.62,77,88,11.65
567,Jizan,SA,2022-02-18 07:44:37,17.3333,42.6667,86.94,51,0,7.38
568,Progreso,MX,2022-02-18 07:44:37,21.2833,-89.6667,73.11,88,0,9.86
569,Ouadda,CF,2022-02-18 07:44:38,8.0777,22.4007,92.34,8,20,4.38
570,Wajima,JP,2022-02-18 07:44:38,37.4,136.9,38.08,75,40,3.44
571,Balabac,PH,2022-02-18 07:44:39,7.9868,117.0645,82.08,71,100,14.38
572,Saint-Ambroise,CA,2022-02-18 07:44:39,48.5501,-71.3324,14.32,92,100,10.36
573,Tara,RU,2022-02-18 07:44:39,56.8944,74.371,24.84,87,100,8.81
574,Seymchan,RU,2022-02-18 07:44:40,62.8833,152.4333,-27.02,99,92,2.46
575,Gizo,SB,2022-02-18 07:44:40,-8.103,156.8419,83.52,74,97,4.97
576,Andros Town,BS,2022-02-18 07:44:41,24.7,-77.7667,71.56,83,0,12.88
577,Orange Cove,US,2022-02-18 07:44:41,36.6244,-119.3137,51.46,53,0,4.41
578,Gayny,RU,2022-02-18 07:44:42,60.3071,54.3241,30.29,87,97,13.0
579,Ranong,TH,2022-02-18 07:44:42,9.9658,98.6348,93.13,72,56,2.66
580,Nantucket,US,2022-02-18 07:44:43,41.2835,-70.0995,55.74,97,100,24.16
581,Gobabis,NA,2022-02-18 07:44:43,-22.45,18.9667,81.36,32,2,11.54
582,San Clemente,US,2022-02-18 07:44:43,33.427,-117.612,57.7,43,0,1.99
583,Jasper,US,2022-02-18 07:44:44,37.2001,-94.3502,15.35,82,0,0.0
584,Portales,US,2022-02-18 07:44:19,34.1862,-103.3344,25.11,46,0,8.93
585,Nelson Bay,AU,2022-02-18 07:44:44,-32.7167,152.15,80.1,74,6,1.99
586,Kroya,ID,2022-02-18 07:44:45,-7.6331,109.2461,82.2,80,93,1.28
587,Mokhotlong,LS,2022-02-18 07:44:45,-29.2894,29.0675,61.74,67,95,3.29
588,Hotton,BE,2022-02-18 07:44:46,50.2667,5.45,50.13,92,100,18.75
589,Parrita,CR,2022-02-18 07:44:46,9.5201,-84.3225,78.57,67,100,4.0
590,Ulladulla,AU,2022-02-18 07:44:47,-35.35,150.4667,72.88,80,100,11.97
591,Port Lavaca,US,2022-02-18 07:44:47,28.615,-96.6261,41.05,68,0,18.41
592,Veraval,IN,2022-02-18 07:45:48,20.9,70.3667,83.79,34,0,6.91
593,Ongandjera,NA,2022-02-18 07:45:49,-17.8833,15.0667,77.0,62,88,7.07
594,Loandjili,CG,2022-02-18 07:45:49,-4.7561,11.8578,82.51,83,20,3.44
595,Touros,BR,2022-02-18 07:42:16,-5.1989,-35.4608,79.7,81,79,5.91
596,Kyren,RU,2022-02-18 07:45:50,51.6828,102.1408,12.18,74,63,1.1
597,Heihe,CN,2022-02-18 07:45:50,50.2441,127.4902,7.38,93,100,3.67
598,Kahului,US,2022-02-18 07:43:20,20.8947,-156.47,75.85,82,0,6.91
599,Verkhnevilyuysk,RU,2022-02-18 07:45:51,63.4453,120.3167,-12.73,96,99,3.0
600,Isilkul,RU,2022-02-18 07:45:51,54.9109,71.2728,20.46,90,100,11.68
601,Whangamata,NZ,2022-02-18 07:45:52,-37.2,175.8667,70.02,84,7,6.46
602,Plymouth,US,2022-02-18 07:43:16,41.8334,-70.8328,57.78,95,100,26.46
603,Rajula,IN,2022-02-18 07:45:52,21.05,71.4333,83.53,27,0,7.7
604,Tigil,RU,2022-02-18 07:45:53,57.8,158.6667,7.34,95,98,6.44
605,Sibu,MY,2022-02-18 07:45:53,2.3,111.8167,89.91,66,40,3.44
606,Dunda,TZ,2022-02-18 07:45:54,-8.1167,34.25,68.09,90,100,2.21
607,Eyl,SO,2022-02-18 07:45:54,7.9803,49.8164,82.71,46,44,22.06
608,Klyuchi,RU,2022-02-18 07:45:55,52.2667,79.1667,20.93,82,99,13.35
609,Igrim,RU,2022-02-18 07:45:55,63.1906,64.4162,22.98,92,45,7.83
610,Pacific Grove,US,2022-02-18 07:45:55,36.6177,-121.9166,51.82,89,0,4.61
611,Reconquista,AR,2022-02-18 07:45:56,-29.15,-59.65,69.57,64,0,7.81
612,Nouadhibou,MR,2022-02-18 07:45:56,20.931,-17.0347,66.18,34,100,13.8
613,Bronnoysund,NO,2022-02-18 07:45:57,65.4625,12.1997,26.6,68,40,3.44
614,Laguna,US,2022-02-18 07:45:57,38.421,-121.4238,52.77,77,0,0.0
615,Chapais,CA,2022-02-18 07:45:57,49.7834,-74.8492,-6.02,95,100,10.42
616,Aykhal,RU,2022-02-18 07:45:58,66.0,111.5,-10.59,97,7,7.16
617,Ixtapa,MX,2022-02-18 07:45:58,20.7,-105.2,71.22,89,0,2.57
618,Siyabuswa,ZA,2022-02-18 07:45:59,-25.1132,29.0445,77.65,55,65,1.92
619,Cerro Cama,PA,2022-02-18 07:45:59,9.03,-79.905,76.1,96,94,3.33
620,Chabahar,IR,2022-02-18 07:46:00,25.2919,60.643,73.74,48,0,4.03
621,Turochak,RU,2022-02-18 07:46:00,52.2576,87.1224,24.3,91,100,2.46
622,Belaya Gora,RU,2022-02-18 07:46:01,68.5333,146.4167,-32.37,100,10,1.23
623,Katobu,ID,2022-02-18 07:46:01,-4.9408,122.5276,82.24,72,100,5.53
624,Hobyo,SO,2022-02-18 07:46:02,5.3505,48.5268,81.39,57,84,20.96
625,Vincennes,FR,2022-02-18 07:41:02,48.85,2.4333,54.16,86,100,19.57
626,Minbu,MM,2022-02-18 07:46:02,20.1833,94.8833,90.54,14,59,4.76
627,Zaterechnyy,RU,2022-02-18 07:46:04,44.7931,45.2097,44.08,71,100,11.07
628,Hochstadt,DE,2022-02-18 07:46:04,49.2475,8.2089,51.62,73,100,1.99
629,Lata,PT,2022-02-18 07:46:04,40.1629,-8.3327,52.21,94,100,1.9
630,Bairnsdale,AU,2022-02-18 07:46:05,-37.8333,147.6167,67.69,56,16,10.96
631,Asfi,MA,2022-02-18 07:43:44,32.2994,-9.2372,54.75,85,100,7.63
632,Vydrino,RU,2022-02-18 07:46:06,51.485,104.8461,12.24,77,49,2.68
633,Silves,PT,2022-02-18 07:46:06,37.1892,-8.4382,53.53,91,22,6.04
634,Shizunai,JP,2022-02-18 07:46:07,42.3339,142.3669,27.9,76,14,13.91
635,San Patricio,US,2022-02-18 07:46:07,28.017,-97.5169,46.49,50,36,20.78
636,Bereznik,RU,2022-02-18 07:46:08,62.8551,42.7072,34.18,98,100,14.72
637,Koygorodok,RU,2022-02-18 07:47:08,60.445,50.9968,28.76,90,100,14.47
638,Almaznyy,RU,2022-02-18 07:47:09,48.0448,40.045,42.94,85,100,19.95
639,Andenes,NO,2022-02-18 07:47:09,69.3143,16.1194,30.18,64,40,19.57
640,Ternate,ID,2022-02-18 07:47:10,0.8,127.4,80.53,82,100,8.43
641,Shiraz,IR,2022-02-18 07:45:01,29.6036,52.5388,54.84,28,0,4.61
642,Pekan,MY,2022-02-18 07:47:10,3.4836,103.3996,89.71,67,92,5.5
643,Santa Fe,AR,2022-02-18 07:47:11,-31.6333,-60.7,66.99,82,0,4.0
644,Gryfino,PL,2022-02-18 07:47:11,53.2524,14.4883,41.22,81,57,13.06
645,Mahanoro,MG,2022-02-18 07:47:12,-19.9,48.8,81.66,71,21,8.34
646,Saint-Georges,GD,2022-02-18 07:47:12,12.0564,-61.7485,76.68,83,20,20.71
647,Beroroha,MG,2022-02-18 07:47:12,-21.6667,45.1667,92.14,44,16,5.64
648,Panguipulli,CL,2022-02-18 07:47:13,-39.6333,-72.3333,37.11,83,0,1.95
649,Vestmannaeyjar,IS,2022-02-18 07:47:13,63.4427,-20.2734,29.93,61,99,5.28
650,Markova,UA,2022-02-18 07:47:14,48.6758,24.4138,38.79,72,61,13.27
651,Sinnamary,GF,2022-02-18 07:47:14,5.3833,-52.95,75.96,86,96,11.88
652,Gasa,PS,2022-02-18 07:47:15,31.5,34.4667,60.19,62,1,10.16
653,Chernyshevskiy,RU,2022-02-18 07:47:16,63.0128,112.4714,-11.16,94,80,1.68
654,Baffa,PK,2022-02-18 07:47:16,34.4378,73.2194,61.0,30,100,3.38
655,Shrewsbury,GB,2022-02-18 07:47:17,52.7101,-2.7521,46.81,78,40,26.46
656,Sur,OM,2022-02-18 07:47:17,22.5667,59.5289,75.9,48,0,8.9
657,Flagstaff,US,2022-02-18 07:43:19,35.1981,-111.6513,28.06,57,0,1.99
658,Antalaha,MG,2022-02-18 07:47:18,-14.9003,50.2788,87.62,52,74,11.88
659,Bud,US,2022-02-18 07:47:18,39.447,-86.1758,25.56,88,100,12.55
660,Korla,CN,2022-02-18 07:47:19,41.7597,86.1469,31.87,28,15,9.93
661,Krugersdorp,ZA,2022-02-18 07:47:20,-26.0858,27.7752,68.63,53,10,4.94
662,Okhansk,RU,2022-02-18 07:47:20,57.7186,55.3877,24.87,82,17,13.22
663,Anito,PH,2022-02-18 07:47:21,12.4497,125.2886,81.64,75,47,8.28
664,La Asuncion,VE,2022-02-18 07:44:51,11.0333,-63.8628,73.96,84,6,10.49
665,Puerto Ayacucho,VE,2022-02-18 07:47:21,5.6639,-67.6236,74.19,76,54,5.59
666,Linxia,CN,2022-02-18 07:47:22,35.6003,103.2064,24.71,76,100,6.73
667,Kafue,ZM,2022-02-18 07:47:22,-15.7691,28.1814,76.14,67,44,8.34
668,Llorente,PH,2022-02-18 07:47:22,11.4119,125.5458,81.68,75,84,8.48
669,Mandera,KE,2022-02-18 07:47:23,3.9366,41.867,88.0,41,5,4.21
670,Cape Canaveral,US,2022-02-18 07:47:23,28.4058,-80.6048,71.01,83,0,5.75
671,Dorado,PR,2022-02-18 07:47:24,18.4588,-66.2677,73.29,94,20,10.65
672,Tezu,IN,2022-02-18 07:47:24,27.9167,96.1667,79.16,21,1,4.63
673,Verkh-Chebula,RU,2022-02-18 07:47:25,56.0308,87.6218,19.38,92,100,16.35
674,Kloulklubed,PW,2022-02-18 07:47:25,7.0419,134.2556,82.9,79,100,15.01
675,Muzhi,RU,2022-02-18 07:47:26,65.3667,64.6667,19.26,94,100,7.11
676,Griffith,US,2022-02-18 07:47:26,41.5284,-87.4237,19.11,79,0,12.66
677,Tongliao,CN,2022-02-18 07:47:27,43.6125,122.2653,17.71,68,31,15.05
678,Leh,IN,2022-02-18 07:47:27,34.1667,77.5833,8.51,68,88,1.52
679,Muisne,EC,2022-02-18 07:47:28,0.6,-80.0333,75.79,89,98,6.22
680,Baracoa,CU,2022-02-18 07:47:28,20.3467,-74.4958,76.35,79,99,9.44
681,Aromashevo,RU,2022-02-18 07:48:29,56.8602,68.6375,21.63,88,100,11.41
682,Touba,CI,2022-02-18 07:48:29,8.2833,-7.6833,71.96,68,99,5.03
683,Ugoofaaru,MV,2022-02-18 07:48:30,5.6667,73.0,81.55,70,91,7.0
684,Ca Mau,VN,2022-02-18 07:48:30,9.1769,105.15,93.06,41,19,12.03
685,Valparaiso,CL,2022-02-18 07:48:30,-33.0393,-71.6273,63.48,84,0,4.61
686,Sumoto,JP,2022-02-18 07:48:31,34.35,134.9,48.7,53,100,4.88
687,Itarema,BR,2022-02-18 07:48:31,-2.9248,-39.9167,77.85,81,100,5.19
688,Lahaina,US,2022-02-18 07:48:32,20.8783,-156.6825,74.95,90,13,6.38
689,Haines Junction,CA,2022-02-18 07:48:32,60.7522,-137.5108,21.15,79,100,2.3
690,Montrose,US,2022-02-18 07:48:33,38.4166,-108.2673,16.36,61,10,1.5
691,San Martin,AR,2022-02-18 07:48:33,-33.081,-68.4681,72.14,32,45,10.04
692,Ballina,AU,2022-02-18 07:48:34,-28.8667,153.5667,75.16,91,49,10.36
693,Lixourion,GR,2022-02-18 07:48:34,38.2019,20.4314,53.6,94,20,0.0
694,Pitimbu,BR,2022-02-18 07:48:34,-7.4706,-34.8086,75.79,76,75,5.37
695,Gaiseni,RO,2022-02-18 07:48:35,44.515,25.6453,53.55,42,2,18.97
696,Ornskoldsvik,SE,2022-02-18 07:48:11,63.2909,18.7153,15.62,92,59,10.36
697,Emerald,AU,2022-02-18 07:48:35,-23.5333,148.1667,89.74,43,75,16.11
698,Minab,IR,2022-02-18 07:48:36,27.1467,57.0801,75.52,46,0,2.3
699,Novokizhinginsk,RU,2022-02-18 07:48:36,51.6115,109.5917,6.49,71,98,9.04
700,Barreiras,BR,2022-02-18 07:48:37,-12.1528,-44.99,70.39,93,97,1.68
701,Vasai,IN,2022-02-18 07:48:37,19.47,72.8,82.49,34,14,9.48
702,Krasyukovskaya,RU,2022-02-18 07:48:38,47.5522,40.1088,45.28,61,40,8.95
703,Lichuan,CN,2022-02-18 07:48:38,30.3,108.85,36.12,88,100,1.97
704,Tarancon,ES,2022-02-18 07:48:39,40.0085,-3.0073,41.49,62,8,4.34
705,Meulaboh,ID,2022-02-18 07:48:39,4.1363,96.1285,85.44,69,19,7.27
706,Maneadero,MX,2022-02-18 07:48:40,31.7167,-116.5667,53.19,43,0,3.0
707,Burnie,AU,2022-02-18 07:48:41,-41.0667,145.9167,62.94,40,2,12.68
708,Steamboat Springs,US,2022-02-18 07:45:08,40.485,-106.8317,22.71,77,100,9.22
709,Long Xuyen,VN,2022-02-18 07:48:42,10.3833,105.4167,87.75,35,41,5.14
710,Khuzhir,RU,2022-02-18 07:48:42,53.1939,107.3397,6.85,74,26,3.78
711,Grand-Santi,GF,2022-02-18 07:48:42,4.25,-54.3833,71.11,99,100,1.79
712,Yeniseysk,RU,2022-02-18 07:48:43,58.4497,92.1703,18.88,89,100,6.87
